{
  "deny": {
    "precision": 0.5,
    "recall": 1.0,
    "f1-score": 0.6666666666666666,
    "support": 2
  },
  "utter_greet": {
    "precision": 0.7142857142857143,
    "recall": 1.0,
    "f1-score": 0.8333333333333333,
    "support": 5
  },
  "utter_cheer_up": {
    "precision": 0.0,
    "recall": 0.0,
    "f1-score": 0.0,
    "support": 3
  },
  "utter_did_that_help": {
    "precision": 0.0,
    "recall": 0.0,
    "f1-score": 0.0,
    "support": 3
  },
  "utter_goodbye": {
    "precision": 1.0,
    "recall": 0.5,
    "f1-score": 0.6666666666666666,
    "support": 4
  },
  "affirm": {
    "precision": 1.0,
    "recall": 1.0,
    "f1-score": 1.0,
    "support": 1
  },
  "bot_challenge": {
    "precision": 1.0,
    "recall": 1.0,
    "f1-score": 1.0,
    "support": 1
  },
  "mood_unhappy": {
    "precision": 0.0,
    "recall": 0.0,
    "f1-score": 0.0,
    "support": 3
  },
  "greet": {
    "precision": 0.7142857142857143,
    "recall": 1.0,
    "f1-score": 0.8333333333333333,
    "support": 5
  },
  "goodbye": {
    "precision": 1.0,
    "recall": 1.0,
    "f1-score": 1.0,
    "support": 2
  },
  "action_listen": {
    "precision": 1.0,
    "recall": 0.625,
    "f1-score": 0.7692307692307693,
    "support": 16
  },
  "utter_iamabot": {
    "precision": 1.0,
    "recall": 1.0,
    "f1-score": 1.0,
    "support": 1
  },
  "utter_happy": {
    "precision": 0.0,
    "recall": 0.0,
    "f1-score": 0.0,
    "support": 3
  },
  "mood_great": {
    "precision": 0.0,
    "recall": 0.0,
    "f1-score": 0.0,
    "support": 2
  },
  "micro avg": {
    "precision": 0.8285714285714286,
    "recall": 0.5686274509803921,
    "f1-score": 0.6744186046511628,
    "support": 51
  },
  "macro avg": {
    "precision": 0.5663265306122449,
    "recall": 0.5803571428571429,
    "f1-score": 0.5549450549450549,
    "support": 51
  },
  "weighted avg": {
    "precision": 0.649859943977591,
    "recall": 0.5686274509803921,
    "f1-score": 0.5811965811965811,
    "support": 51
  },
  "accuracy": 0.5686274509803921,
  "conversation_accuracy": {
    "accuracy": 0.2857142857142857,
    "correct": 2,
    "with_warnings": 0,
    "total": 7
  }
}